Tiempo (s),Voltaje Medio CH2 (V)
0.024393796920776367,0.0099701
0.057501792907714844,0.0099697
0.09036755561828613,0.0099702
0.12471866607666016,0.0099693
0.15867400169372559,0.0099694
0.19166135787963867,0.0099693
0.22621464729309082,0.0099693
0.26012635231018066,0.0099675
0.2948577404022217,0.0099668
0.3298823833465576,0.0099668
0.3647651672363281,0.0099669
0.40154409408569336,0.0099669
0.4383249282836914,0.0099673
0.4725213050842285,0.0099686
0.5070819854736328,0.0099676
0.5396161079406738,0.0099689
0.575545072555542,0.0099679
0.6102545261383057,0.009967
0.644355297088623,0.009967
0.6798417568206787,0.0099653
0.7128441333770752,0.009965
0.7486367225646973,0.0099651
0.7829093933105469,0.0099651
0.8184075355529785,0.0099644
0.8535189628601074,0.0099653
0.8862819671630859,0.0099638
0.9229176044464111,0.0099638
0.958005428314209,0.0099637
0.9917247295379639,0.0099638
1.0258474349975586,0.0099622
1.0598511695861816,0.0099622
1.094604730606079,0.0099622
1.129342794418335,0.0099627
1.165337085723877,0.0099646
1.2003991603851318,0.0099646
1.2342619895935059,0.0099645
1.2686057090759277,0.0099643
1.3016831874847412,0.0099641
1.3343679904937744,0.0099641
1.3676974773406982,0.0099653
1.4011764526367188,0.0099647
1.435042381286621,0.0099669
1.4690334796905518,0.0099677
1.5015792846679688,0.0099677
1.535334587097168,0.0099678
1.5711889266967773,0.0099685
1.604644775390625,0.0099684
1.6391468048095703,0.0099684
1.673532247543335,0.0099703
1.7081797122955322,0.00997
1.7414586544036865,0.0099713
1.7753469944000244,0.0099713
1.8109455108642578,0.0099717
1.8437161445617676,0.0099732
1.8781306743621826,0.0099729
1.911482572555542,0.0099729
1.946019172668457,0.0099746
1.9804799556732178,0.0099731
2.012803077697754,0.009975
2.0452466011047363,0.009975
2.079988718032837,0.0099739
2.114232301712036,0.0099729
2.1491754055023193,0.0099721
2.1830105781555176,0.0099717
2.2166976928710938,0.009969
2.2500195503234863,0.009969
2.285654067993164,0.0099652
2.320284128189087,0.0099601
2.3533010482788086,0.0099533
2.387845516204834,0.0099533
2.4234461784362793,0.0099435
2.4581258296966553,0.0099354
2.4930365085601807,0.0099292
2.5273821353912354,0.0099292
2.5619874000549316,0.0099111
2.5965938568115234,0.0098909
2.6311988830566406,0.0098708
2.664337158203125,0.0098527
2.6989619731903076,0.0098527
2.730668783187866,0.0098445
2.7634193897247314,0.0098313
2.7988433837890625,0.0098195
2.83315110206604,0.0098195
2.867624044418335,0.0098107
2.9014878273010254,0.0098015
2.93656849861145,0.0097938
2.9724106788635254,0.0097897
3.0083394050598145,0.0097897
3.0430235862731934,0.0097828
3.0766992568969727,0.0097738
3.112762928009033,0.0097699
3.1469147205352783,0.0097593
3.1820502281188965,0.0097593
3.2163145542144775,0.0097494
3.251786470413208,0.0097402
3.2861969470977783,0.0097353
3.3221075534820557,0.0097285
3.356665849685669,0.0097285
3.3912034034729004,0.009725
3.4251677989959717,0.0097247
3.459212303161621,0.0097262
3.4941723346710205,0.0097338
3.530519723892212,0.0097338
3.56382155418396,0.009743
3.5994927883148193,0.0097487
3.633528470993042,0.0097569
3.667239189147949,0.0097621
3.702146530151367,0.0097621
3.736689567565918,0.009765
3.7703301906585693,0.0097645
3.804565668106079,0.0097627
3.837679147720337,0.0097627
3.8718814849853516,0.0097589
3.906184673309326,0.0097589
3.940648078918457,0.0097596
3.9734785556793213,0.0097655
4.008215665817261,0.0097655
4.043645858764648,0.0097675
4.0785298347473145,0.0097613
4.1134772300720215,0.0097577
4.1464080810546875,0.0097577
4.183406591415405,0.0097609
4.217926979064941,0.0097681
4.252132415771484,0.0097741
4.284785270690918,0.0097741
4.318398475646973,0.0097738
4.351067066192627,0.0097708
4.385672569274902,0.0097655
4.41853404045105,0.0097655
4.453245162963867,0.0097594
4.488147735595703,0.0097569
4.52312445640564,0.0097523
4.556452751159668,0.0097505
4.59137749671936,0.0097497
4.626428127288818,0.0097497
4.660519123077393,0.0097465
4.6942267417907715,0.0097447
4.728128671646118,0.0097447
4.762094974517822,0.0097423
4.795010566711426,0.0097415
4.830221891403198,0.0097388
4.864467620849609,0.0097388
4.899337530136108,0.0097361
4.933181285858154,0.0097313
4.967473983764648,0.0097255
5.000036716461182,0.0097181
5.034265756607056,0.0097181
5.067077875137329,0.0097153
5.102071046829224,0.0097098
5.1359312534332275,0.0097073
5.170626401901245,0.0097035
5.205597400665283,0.0097035
5.241211891174316,0.0097022
5.27534294128418,0.0097045
5.3113226890563965,0.0097113
5.347999572753906,0.0097205
5.383291006088257,0.0097205
5.416079044342041,0.0097316
5.450364351272583,0.0097379
5.48326849937439,0.0097517
5.51711368560791,0.0097601
5.551510334014893,0.0097619
5.587407350540161,0.0097619
5.621288537979126,0.0097627
5.656532049179077,0.0097616
5.689228773117065,0.0097589
5.725268363952637,0.0097589
5.760324001312256,0.0097557
5.794665575027466,0.0097538
5.8317131996154785,0.0097559
5.865003347396851,0.0097613
5.897151470184326,0.0097646
5.93156361579895,0.0097646
5.966301202774048,0.0097655
5.999175548553467,0.0097632
6.032995223999023,0.0097582
6.06572699546814,0.0097582
6.100381135940552,0.0097614
6.135740756988525,0.0097667
6.170958518981934,0.0097687
6.206521034240723,0.0097687
6.241494178771973,0.0097659
6.275659799575806,0.0097607
6.308726072311401,0.009757
6.342007398605347,0.009757
6.376590013504028,0.0097513
6.4114601612091064,0.0097481
6.446763753890991,0.0097468
6.4793970584869385,0.0097463
6.513120651245117,0.0097463
6.5464911460876465,0.0097441
6.580444574356079,0.0097418
6.614155054092407,0.0097411
6.649850368499756,0.0097404
6.684380292892456,0.0097404
6.720363140106201,0.0097379
6.754650592803955,0.0097365
6.78770112991333,0.0097355
6.821571350097656,0.0097324
6.855793237686157,0.0097324
6.891643285751343,0.0097281
6.926054239273071,0.0097235
6.95995306968689,0.0097217
6.994153738021851,0.0097168
7.029455184936523,0.0097168
7.0624003410339355,0.0097143
7.096074819564819,0.0097138
7.131357669830322,0.0097138
7.165803909301758,0.0097154
7.199966907501221,0.009717
7.234121084213257,0.0097239
7.2690534591674805,0.0097353
7.304223537445068,0.0097353
7.338651180267334,0.0097467
7.373099088668823,0.0097591
7.405750274658203,0.0097673
7.439991474151611,0.0097703
7.4751808643341064,0.0097703
7.513036489486694,0.0097739
7.547720909118652,0.0097729
7.5820817947387695,0.0097715
7.616731405258179,0.0097679
7.651730298995972,0.0097631
7.691423416137695,0.0097631
7.726018905639648,0.0097609
7.760108947753906,0.0097635
7.7947022914886475,0.0097703
7.829728841781616,0.0097703
7.864200115203857,0.0097723
7.898248672485352,0.0097705
7.932147979736328,0.0097662
7.965683698654175,0.0097662
8.003288745880127,0.0097678
8.037222385406494,0.0097743
8.071463108062744,0.0097752
8.10695767402649,0.0097751
8.138836860656738,0.0097751
8.17310643196106,0.0097705
8.209805727005005,0.0097649
8.244024276733398,0.0097595
8.27801251411438,0.0097595
8.312665700912476,0.0097541
8.346911191940308,0.0097503
8.38052487373352,0.0097488
8.414863109588623,0.0097467
8.449659824371338,0.0097467
8.485210418701172,0.0097443
8.520553350448608,0.009742
8.555501461029053,0.0097414
8.590178728103638,0.0097414
8.625708818435669,0.0097372
8.660146951675415,0.0097343
8.693786382675171,0.0097293
8.726311445236206,0.0097293
8.76050090789795,0.0097252
8.793513536453247,0.0097207
8.827595710754395,0.0097207
8.861853122711182,0.0097175
8.89938235282898,0.0097159
8.933592081069946,0.0097125
8.967622518539429,0.0097106
9.001227140426636,0.0097106
9.034458637237549,0.0097102
9.069884538650513,0.0097135
9.10589599609375,0.0097191
9.14029574394226,0.0097191
9.174856662750244,0.0097233
9.207531452178955,0.0097349
9.24078369140625,0.0097349
9.275691270828247,0.0097485
9.310369968414307,0.0097609
9.345504522323608,0.0097684
9.378871202468872,0.0097684
9.413596153259277,0.0097723
9.448486804962158,0.0097722
9.482829570770264,0.0097707
9.517613410949707,0.0097707
9.551914930343628,0.0097664
9.587984323501587,0.0097649
9.624074220657349,0.0097619
9.660616636276245,0.0097623
9.69510555267334,0.0097623
9.73225474357605,0.0097671
9.76491665840149,0.0097685
9.799252033233643,0.0097633
9.832809209823608,0.0097633
9.865103721618652,0.0097583
9.899053573608398,0.0097627
9.932928562164307,0.0097657
9.965310096740723,0.0097657
10.000280380249023,0.0097683
10.03378176689148,0.0097671
10.06779670715332,0.0097617
10.100950956344604,0.0097617
10.134747743606567,0.0097541
10.168628215789795,0.0097469
10.203226089477539,0.0097443
10.237633466720581,0.0097443
10.272984981536865,0.0097403
10.30892014503479,0.0097379
10.343031883239746,0.0097353
10.375457763671875,0.0097353
10.410434007644653,0.0097336
10.443027019500732,0.0097301
10.477408409118652,0.0097261
10.51241159439087,0.0097221
10.547438383102417,0.0097221
10.582255601882935,0.0097213
10.616844177246094,0.0097189
10.650972366333008,0.0097165
10.683743953704834,0.0097165
10.717231750488281,0.0097125
10.750848770141602,0.0097083
10.78393840789795,0.0097083
10.818423509597778,0.0097067
10.852452039718628,0.0097044
10.886498928070068,0.0097037
10.921186447143555,0.0097061
10.955414295196533,0.0097061
10.988224267959595,0.009708
11.023955345153809,0.0097145
11.057806968688965,0.0097245
11.091948747634888,0.0097316
11.124584674835205,0.0097316
11.158116817474365,0.0097441
11.19296407699585,0.0097568
11.22688341140747,0.009764
11.260219812393188,0.009764
11.294785499572754,0.0097675
11.328788757324219,0.009768
11.362785577774048,0.0097656
11.39699649810791,0.0097656
11.43215012550354,0.0097618
11.46676754951477,0.0097571
11.503715753555298,0.0097542
11.539697647094727,0.0097542
11.57407259941101,0.0097545
11.608952522277832,0.0097584
11.643126249313354,0.0097611
11.677294492721558,0.0097595
11.713505268096924,0.0097595
11.74837875366211,0.0097526
11.78019642829895,0.0097503
11.816064834594727,0.0097513
11.850578308105469,0.0097513
11.882712125778198,0.0097569
11.916922569274902,0.0097565
11.950241804122925,0.0097522
11.984842300415039,0.0097522
12.019978284835815,0.0097472
12.054489612579346,0.0097417
12.089725017547607,0.0097405
12.124238967895508,0.0097405
12.157618761062622,0.0097383
12.193297147750854,0.0097355
12.225107192993164,0.0097347
12.260223388671875,0.0097347
12.295623064041138,0.0097323
12.330392122268677,0.0097303
12.364604234695435,0.0097277
12.39913272857666,0.0097278
12.431091785430908,0.0097278
12.466440200805664,0.0097274
12.500144481658936,0.0097255
12.532875776290894,0.0097255
12.566999673843384,0.0097241
12.599745512008667,0.0097213
12.631758451461792,0.0097196
12.664786100387573,0.0097196
12.699416875839233,0.0097177
12.73373818397522,0.0097159
12.768399953842163,0.0097147
12.802665948867798,0.0097145
12.836951494216919,0.0097145
12.870757102966309,0.0097162
12.904295682907104,0.0097205
12.938814163208008,0.0097205
12.97269606590271,0.0097247
13.006057739257812,0.0097371
13.038872957229614,0.0097505
13.073915719985962,0.0097633
13.109598875045776,0.0097633
13.14367151260376,0.0097721
13.177493810653687,0.009776
13.212097644805908,0.0097763
13.249831676483154,0.0097763
13.28316855430603,0.009775
13.316631317138672,0.0097697
13.351064682006836,0.0097648
13.38670563697815,0.0097623
13.42295789718628,0.0097623
13.459961414337158,0.0097611
13.496270895004272,0.009761
13.530779838562012,0.0097643
13.563215017318726,0.0097643
13.597312688827515,0.0097673
13.633251667022705,0.0097589
13.668925046920776,0.0097553
13.70328164100647,0.0097556
13.73664140701294,0.0097556
13.769718170166016,0.0097577
13.804142951965332,0.0097593
13.838042736053467,0.0097562
13.873228311538696,0.0097562
13.907845497131348,0.0097536
13.941572189331055,0.0097467
13.97660779953003,0.0097396
14.010372400283813,0.0097396
14.044710159301758,0.009734
14.080177545547485,0.0097309
14.114072322845459,0.0097309
14.148733615875244,0.0097301
14.183708667755127,0.0097279
14.219615936279297,0.0097281
14.25295615196228,0.0097281
14.288137435913086,0.0097254
14.322805166244507,0.0097245
14.357516288757324,0.0097233
14.391513109207153,0.0097233
14.426778554916382,0.0097226
14.461894512176514,0.0097195
14.498279333114624,0.009718
14.532915830612183,0.0097167
14.56706166267395,0.0097167
14.601020574569702,0.0097154
14.637659549713135,0.0097136
14.671959400177002,0.0097135
14.709473609924316,0.0097143
14.744388818740845,0.0097143
14.779232263565063,0.0097156
14.81235671043396,0.0097205
14.84714388847351,0.0097293
14.880824327468872,0.0097293
14.91431450843811,0.0097421
14.947359323501587,0.0097561
14.979493618011475,0.0097675
15.015619993209839,0.0097731
15.051194190979004,0.0097731
15.083254337310791,0.0097783
15.116302251815796,0.0097803
15.151966571807861,0.0097793
15.184381246566772,0.0097759
15.217387199401855,0.0097744
15.250410318374634,0.0097744
15.284610033035278,0.0097673
15.31959867477417,0.0097628
15.354339838027954,0.0097615
15.389424800872803,0.0097615
15.422820091247559,0.0097621
15.457303524017334,0.0097638
15.49150013923645,0.0097665
15.525401592254639,0.0097665
15.560252666473389,0.0097591
15.59498643875122,0.0097525
15.628887176513672,0.0097524
15.663379907608032,0.0097524
15.698161125183105,0.0097529
15.732840061187744,0.0097545
15.766314029693604,0.0097497
15.801001787185669,0.0097497
15.834997653961182,0.0097428
15.86895227432251,0.0097355
15.903778553009033,0.0097355
15.938759565353394,0.0097307
15.972902297973633,0.0097255
16.00837469100952,0.0097242
16.041529655456543,0.0097242
16.07564878463745,0.0097225
16.110138416290283,0.0097194
16.144519090652466,0.0097177
16.17892360687256,0.0097177
16.213268280029297,0.0097163
16.24899673461914,0.0097151
16.284733772277832,0.0097141
16.318722248077393,0.0097121
16.35262417793274,0.0097121
16.385847568511963,0.0097124
16.421447277069092,0.0097115
16.456573486328125,0.0097115
16.492251873016357,0.0097123
16.527353286743164,0.009711
16.56235647201538,0.009711
16.597463607788086,0.0097111
16.632335424423218,0.0097111
16.67052912712097,0.0097137
16.705509185791016,0.0097195
16.742284297943115,0.0097231
16.777017831802368,0.0097347
16.810547351837158,0.0097477
16.84629249572754,0.0097477
16.879859447479248,0.0097649
16.915482997894287,0.0097704
16.949270725250244,0.0097796
16.983574628829956,0.0097835
17.020998001098633,0.0097835
17.055772304534912,0.009784
17.090848684310913,0.0097806
17.12576174736023,0.0097789
17.16162610054016,0.0097789
17.196086645126343,0.0097733
17.23060631752014,0.0097689
17.265792846679688,0.0097657
17.300275087356567,0.0097657
17.33421039581299,0.0097651
17.369328260421753,0.0097674
17.40221619606018,0.0097669
17.43420147895813,0.0097669
17.468215942382812,0.0097598
17.50318479537964,0.0097549
17.53872275352478,0.0097542
17.5734384059906,0.0097541
17.60774850845337,0.0097541
17.641997814178467,0.0097509
17.676783323287964,0.009745
17.710617065429688,0.0097418
17.745548963546753,0.0097418
17.784756422042847,0.0097356
17.820196628570557,0.0097297
17.855534315109253,0.0097255
17.890623331069946,0.0097226
17.925021648406982,0.0097226
17.960476636886597,0.0097211
17.997946977615356,0.0097191
18.031630039215088,0.0097173
18.06650948524475,0.0097156
18.100088119506836,0.0097145
18.13265585899353,0.0097145
18.1673583984375,0.0097137
18.201809644699097,0.0097137
18.237492084503174,0.0097127
18.274314641952515,0.0097131
18.308318376541138,0.0097131
18.340784788131714,0.0097148
18.375123023986816,0.0097154
18.410022258758545,0.0097165
18.44587254524231,0.0097165
18.481035232543945,0.0097171
18.516469478607178,0.0097207
18.55156183242798,0.0097224
18.587203979492188,0.0097224
18.621501922607422,0.0097261
18.655757427215576,0.0097335
18.690044164657593,0.0097467
18.724347352981567,0.0097467
18.758883953094482,0.0097612
18.79643750190735,0.0097754
18.83155608177185,0.0097859
18.864850521087646,0.0097859
18.89950728416443,0.0097875
18.93359398841858,0.0097884
18.969131469726562,0.0097863
19.003565073013306,0.0097863
19.037971258163452,0.0097825
19.071664810180664,0.0097801
19.10812735557556,0.0097741
19.140329360961914,0.0097723
19.173142194747925,0.0097723
19.20758318901062,0.0097693
19.242626905441284,0.0097685
19.276952505111694,0.0097685
19.311152458190918,0.0097697
19.345571517944336,0.0097693
19.379444360733032,0.0097647
19.412290573120117,0.0097647
19.447733879089355,0.0097575
19.483766794204712,0.0097553
19.518221378326416,0.0097529
19.552018642425537,0.0097529
19.586233615875244,0.0097491
19.6204731464386,0.0097415
19.657346487045288,0.0097339
19.691784858703613,0.0097339
19.727139472961426,0.0097279
19.76023292541504,0.0097247
19.79356813430786,0.0097231
19.829814434051514,0.0097231
19.864501476287842,0.0097206
19.899144411087036,0.0097193
19.933069467544556,0.0097173
19.96737837791443,0.0097163
20.00247859954834,0.0097163
20.03817868232727,0.0097163
20.072431325912476,0.009715
20.106530904769897,0.0097142
20.14281964302063,0.0097161
20.177196979522705,0.0097161
20.21134042739868,0.0097183
20.247230291366577,0.0097192
20.28203296661377,0.0097222
20.31595540046692,0.0097231
20.350396156311035,0.009723
20.385918855667114,0.009723
20.420931816101074,0.0097241
20.454019784927368,0.0097256
20.487025260925293,0.0097269
20.521790981292725,0.0097269
20.5569269657135,0.0097315
20.594147443771362,0.0097412
20.630009412765503,0.0097542
20.663957357406616,0.0097613
20.700733184814453,0.0097767
20.736230611801147,0.0097858
20.770989418029785,0.0097858
20.80431890487671,0.0097883
20.838465213775635,0.0097899
20.8727023601532,0.0097873
20.90625524520874,0.0097873
20.93928337097168,0.0097817
20.973270654678345,0.0097776
21.00813937187195,0.0097751
21.041678428649902,0.0097751
21.07405972480774,0.0097691
21.106866121292114,0.0097669
21.14224863052368,0.0097668
21.17448115348816,0.0097676
21.20736861228943,0.0097706
21.24142360687256,0.0097706
21.273754835128784,0.0097636
21.308268785476685,0.0097591
21.340986728668213,0.0097527
21.373156309127808,0.0097527
21.406813621520996,0.0097489
21.441020011901855,0.0097477
21.475233793258667,0.0097438
21.50908589363098,0.0097385
21.544132709503174,0.0097349
21.57608723640442,0.0097349
21.610344648361206,0.009729
21.64496397972107,0.0097238
21.67938208580017,0.0097212
21.71443748474121,0.0097212
21.75013303756714,0.0097191
21.784088134765625,0.009716
21.817312240600586,0.0097149
21.85305094718933,0.0097149
21.88858151435852,0.0097151
21.922497987747192,0.0097152
21.95674753189087,0.0097159
21.991087675094604,0.0097159
22.02820062637329,0.0097168
22.06320571899414,0.0097173
22.09701681137085,0.0097197
22.132444620132446,0.0097235
22.166627883911133,0.0097235
22.20331311225891,0.0097275
22.238264083862305,0.0097286
22.274163246154785,0.0097296
22.309834241867065,0.0097296
22.34280037879944,0.0097298
22.378203868865967,0.0097331
22.41218113899231,0.0097366
22.447083234786987,0.0097366
22.480651140213013,0.0097431
22.51458978652954,0.0097575
22.549498796463013,0.0097651
22.582375288009644,0.0097651
22.617169857025146,0.0097797
22.65213394165039,0.0097892
22.689011335372925,0.0097949
22.72312617301941,0.0097951
22.75873041152954,0.0097951
22.791228532791138,0.0097937
22.824953079223633,0.0097891
22.859368562698364,0.0097855
22.89475917816162,0.0097855
22.92964243888855,0.0097793
22.964411735534668,0.0097753
22.9980731010437,0.0097753
23.030369758605957,0.00977
23.062495708465576,0.0097696
23.096593856811523,0.0097689
23.131102800369263,0.0097689
23.165130376815796,0.0097707
23.200050115585327,0.0097606
23.234132528305054,0.0097559
23.268467903137207,0.0097559
23.303855180740356,0.0097536
23.338000535964966,0.0097487
23.37203097343445,0.0097417
23.406455516815186,0.00974
23.44177222251892,0.0097327
23.47571325302124,0.0097327
23.51058554649353,0.0097299
23.54475688934326,0.0097205
23.578744649887085,0.0097161
23.61136221885681,0.0097161
23.644050359725952,0.0097126
23.68027973175049,0.0097111
23.714768886566162,0.0097097
23.748217821121216,0.0097097
23.784559965133667,0.0097086
23.81685972213745,0.0097069
23.85084581375122,0.0097076
23.8832905292511,0.0097076
23.91799283027649,0.009708
23.9525043964386,0.0097105
23.987461805343628,0.0097105
24.022070169448853,0.0097138
24.055640697479248,0.0097179
24.090616703033447,0.0097225
24.125591039657593,0.0097237
24.16065239906311,0.0097237
24.195408821105957,0.0097261
24.23059892654419,0.0097286
24.265864849090576,0.0097301
24.298986673355103,0.0097301
24.332502841949463,0.009735
24.36650562286377,0.0097418
24.401427030563354,0.0097538
24.436184406280518,0.0097538
24.47074317932129,0.0097613
24.505122423171997,0.0097745
24.53943967819214,0.0097869
24.57485795021057,0.0097911
24.611111164093018,0.0097915
24.645371913909912,0.0097915
24.679563283920288,0.0097916
24.713584661483765,0.0097887
24.747658491134644,0.0097841
24.781429290771484,0.0097808
24.815654754638672,0.0097751
24.85050940513611,0.0097751
24.883281469345093,0.0097727
24.917234182357788,0.0097678
24.951399564743042,0.0097678
24.986228466033936,0.0097643
25.020933389663696,0.0097631
25.05753207206726,0.0097665
25.09206748008728,0.0097665
25.127241611480713,0.0097569
25.16124677658081,0.0097505
25.19523787498474,0.009747
25.230297088623047,0.0097435
25.26458168029785,0.0097435
25.297666549682617,0.0097385
25.333411931991577,0.0097325
25.36773705482483,0.0097325
25.402155876159668,0.0097256
25.436689376831055,0.0097217
25.47141981124878,0.0097164
25.505554914474487,0.0097164
25.541154384613037,0.0097118
25.57488441467285,0.0097099
25.61018133163452,0.0097084
25.644441604614258,0.0097087
25.678823232650757,0.0097087
25.71198296546936,0.0097075
25.746004819869995,0.0097085
25.78113317489624,0.0097089
25.818032264709473,0.0097089
25.850616693496704,0.009712
25.88537311553955,0.0097165
25.919201612472534,0.0097213
25.951947689056396,0.0097213
25.988725662231445,0.0097235
26.023260593414307,0.0097281
26.05779218673706,0.0097321
26.089473724365234,0.0097321
26.12337875366211,0.0097335
26.157208919525146,0.0097364
26.191225051879883,0.0097389
26.227150678634644,0.0097389
26.26093626022339,0.0097418
26.29507350921631,0.0097496
26.32924795150757,0.0097631
26.363361120224,0.0097631
26.398993492126465,0.0097747
26.43342113494873,0.0097858
26.46891951560974,0.0097887
26.504230976104736,0.0097939
26.538594961166382,0.0097946
26.57282066345215,0.0097946
26.61058759689331,0.0097921
26.64483666419983,0.0097869
26.682501554489136,0.0097823
26.715198278427124,0.0097783
26.749669790267944,0.0097783
26.78553056716919,0.0097735
26.819575309753418,0.0097677
26.855297803878784,0.0097673
26.888704299926758,0.0097673
26.920748233795166,0.0097647
26.957728385925293,0.0097686
26.991286277770996,0.0097686
27.025835275650024,0.0097611
27.058250665664673,0.0097531
27.091567039489746,0.0097495
27.12408757209778,0.0097495
27.158841609954834,0.0097455
27.19368839263916,0.0097412
27.229366779327393,0.0097343
27.262736320495605,0.0097343
27.29805088043213,0.0097269
27.33224844932556,0.009719
27.36637020111084,0.0097135
27.401326894760132,0.0097135
27.43586039543152,0.0097113
27.470649480819702,0.0097072
27.506361722946167,0.0097055
27.541900873184204,0.0097055
27.575905323028564,0.0097055
27.61087918281555,0.0097046
27.64463233947754,0.0097061
27.678951263427734,0.0097059
27.71146297454834,0.0097071
27.747820615768433,0.0097109
27.782642126083374,0.009715
27.81671929359436,0.009715
27.85209822654724,0.009718
27.884862422943115,0.0097215
27.9191734790802,0.0097265
27.956637144088745,0.0097265
27.99163818359375,0.0097281
28.02427864074707,0.0097322
28.058250665664673,0.0097334
28.09194254875183,0.0097334
28.126435041427612,0.0097377
28.161318063735962,0.0097439
28.198601007461548,0.0097547
28.23283553123474,0.0097665
28.26586675643921,0.0097665
28.300548791885376,0.0097743
28.333193063735962,0.0097859
28.36716914176941,0.0097859
28.400702953338623,0.0097941
28.433040857315063,0.0097951
28.466963052749634,0.0097955
28.500407218933105,0.0097955
28.53329610824585,0.0097915
28.56750798225403,0.0097866
28.601746320724487,0.0097841
28.634174346923828,0.0097841
28.667633533477783,0.0097787
28.703439950942993,0.0097743
28.738890409469604,0.0097706
28.77513313293457,0.0097676
28.809197425842285,0.0097676
28.842610120773315,0.0097663
28.877015113830566,0.0097675
28.912440299987793,0.0097605
28.946649074554443,0.0097605
28.98200750350952,0.0097508
29.01852512359619,0.0097485
29.051350355148315,0.0097427
29.08400869369507,0.0097371
29.118436813354492,0.0097371
29.152575969696045,0.0097307
29.188865423202515,0.0097234
29.223884344100952,0.0097189
29.257314443588257,0.0097189
29.29068946838379,0.0097114
29.325662851333618,0.0097063
29.360109567642212,0.0097063
29.39565348625183,0.0097031
29.431453943252563,0.0097021
29.465914964675903,0.0097003
29.499046087265015,0.0097003
29.533365964889526,0.0097013
29.56741237640381,0.009703
29.602189540863037,0.0097047
29.636987924575806,0.0097047
29.671741485595703,0.0097081
29.705907583236694,0.0097129
29.73931336402893,0.0097169
29.772748470306396,0.0097235
29.807085514068604,0.0097235
29.842073678970337,0.0097259
29.87653946876526,0.0097309
29.912444591522217,0.0097349
29.94689679145813,0.0097369
29.98278784751892,0.0097369
30.01683259010315,0.0097412
30.051620721817017,0.009744
30.08686852455139,0.009744
30.121024131774902,0.0097531
30.155717849731445,0.0097645
30.190369844436646,0.0097761
30.224451541900635,0.0097895
30.258983850479126,0.0097895
30.294446229934692,0.009796
30.32886290550232,0.0097981
30.363330125808716,0.0097985
30.397491693496704,0.0097985
30.432472229003906,0.0097976
30.466705322265625,0.0097965
30.50077247619629,0.0097897
30.535914659500122,0.0097869
30.570788145065308,0.0097841
30.60572052001953,0.0097779
30.640904903411865,0.0097779
30.675161361694336,0.0097723
30.710098266601562,0.0097701
30.744054079055786,0.0097683
30.7789466381073,0.0097683
30.813679695129395,0.0097705
30.84816288948059,0.0097601
30.88243865966797,0.0097547
30.917139768600464,0.0097547
30.95025062561035,0.0097475
30.982898473739624,0.0097444
31.015730619430542,0.0097405
31.050134658813477,0.0097405
31.08267593383789,0.0097345
31.117570877075195,0.0097271
31.15206289291382,0.0097271
31.187114477157593,0.0097197
31.222649574279785,0.009714
31.257075786590576,0.009709
31.29058814048767,0.009709
31.323476791381836,0.0097073
31.35821032524109,0.0097072
31.39474320411682,0.0097076
31.43067193031311,0.0097089
31.46318817138672,0.0097089
31.497436046600342,0.0097113
31.530272960662842,0.0097125
31.564603328704834,0.0097174
31.599124908447266,0.0097174
31.633381605148315,0.0097229
31.667574882507324,0.0097309
31.702340364456177,0.0097343
31.736034870147705,0.0097405
31.77010726928711,0.0097405
31.806434869766235,0.0097447
31.84120750427246,0.0097463
31.87614917755127,0.0097477
31.909904956817627,0.0097477
31.943533420562744,0.0097495
31.97548508644104,0.0097554
32.00810623168945,0.0097651
32.04188418388367,0.0097651
32.07749676704407,0.009771
32.11005735397339,0.0097843
32.14325666427612,0.0097961
32.175721168518066,0.0097961
32.21048879623413,0.0098015
32.24295115470886,0.0098032
32.27710676193237,0.009802
32.311619997024536,0.009802
32.34644556045532,0.0098002
32.38192939758301,0.0097977
32.41930413246155,0.0097936
32.45351791381836,0.0097936
32.492589712142944,0.009788
32.52700471878052,0.0097815
32.56142783164978,0.0097757
32.596439599990845,0.0097757
32.631271839141846,0.0097722
32.6663134098053,0.0097701
32.701252937316895,0.0097734
32.734214782714844,0.0097671
32.766955614089966,0.0097671
32.801921129226685,0.0097578
32.83427596092224,0.0097523
32.86712384223938,0.0097523
32.902565002441406,0.0097457
32.93658232688904,0.0097407
32.970345973968506,0.0097346
33.00430941581726,0.0097346
33.038583517074585,0.0097251
33.07306957244873,0.0097221
33.10871982574463,0.0097152
33.143004179000854,0.0097095
33.17747521400452,0.0097087
33.21019172668457,0.0097087
33.245068311691284,0.0097068
33.278786420822144,0.0097065
33.313464403152466,0.0097059
33.34947204589844,0.0097059
33.38323950767517,0.0097088
33.41740131378174,0.0097127
33.45377254486084,0.0097127
33.48726272583008,0.0097151
33.52153944969177,0.0097219
33.55608081817627,0.0097299
33.59122705459595,0.0097366
33.625914573669434,0.0097366
33.659863233566284,0.0097439
33.69174599647522,0.0097476
33.72669839859009,0.0097487
33.76128697395325,0.0097487
33.79542112350464,0.0097502
33.831164598464966,0.0097525
33.866631269454956,0.0097555
33.9036500453949,0.0097555
33.938944816589355,0.0097639
33.97289299964905,0.0097767
34.00800943374634,0.0097895
34.04388403892517,0.0097895
34.07849311828613,0.009798
34.11675453186035,0.0098022
34.15077471733093,0.0098029
34.18558096885681,0.0098004
34.219746828079224,0.0098004
34.25148415565491,0.0097973
34.285863637924194,0.0097935
34.3201801776886,0.0097912
34.35424447059631,0.0097912
34.38956809043884,0.0097859
34.4248628616333,0.0097801
